{
  "epochs": [
    0,
    1,
    2,
    3,
    4,
    5,
    6,
    7,
    8,
    9
  ],
  "train_loss": [
    0.19646237167194236,
    0.10093779208433347,
    0.07874356512519647,
    0.06099738767652801,
    0.056641342268899234,
    0.054645676767886286,
    0.05224628157612651,
    0.05217088239662575,
    0.05178812947061527,
    0.051524976274682215
  ],
  "learning_rate": [
    0.005000000000000003,
    0.005000000000000003,
    0.0005000000000000003,
    0.0005000000000000003,
    0.0005000000000000003,
    5.0000000000000036e-05,
    5.0000000000000036e-05,
    5.0000000000000036e-05,
    5.000000000000004e-06,
    5.000000000000004e-06
  ],
  "val_map": [
    0.5638055061007597,
    0.6218054734437004,
    0.6091863201486256,
    0.6406235298846862,
    0.6391425624560907,
    0.6419217358272622,
    0.6401986173230947,
    0.6421331405443476,
    0.6422421591616198,
    0.6421847037475668
  ],
  "val_map_50": [
    0.8639875909953881,
    0.8834057595588389,
    0.890724405318837,
    0.8950505515691227,
    0.8945701970153097,
    0.887202397531205,
    0.8893329705867368,
    0.8900692051733334,
    0.890060296023912,
    0.8900996922440891
  ],
  "val_map_75": [
    0.6227387880834276,
    0.6708577753649816,
    0.6773947836645333,
    0.6954018693692363,
    0.7027581948831737,
    0.6964845839413473,
    0.7037464201172263,
    0.6981040969425377,
    0.7033905595008751,
    0.6995593235309557
  ]
}