{
  "epochs": [
    0,
    1,
    2,
    3,
    4,
    5,
    6,
    7,
    8,
    9,
    10,
    11,
    12,
    13,
    14,
    15,
    16,
    17,
    18,
    19
  ],
  "train_loss": [
    0.1889925135130232,
    0.101041360422718,
    0.07919094627503594,
    0.060569524225662856,
    0.057066046309842404,
    0.05492938354435794,
    0.05252930875052306,
    0.05216530721747514,
    0.05204786068637564,
    0.05187532437419651,
    0.0519065357406031,
    0.051759504791512236,
    0.05180599927425585,
    0.05172123642080159,
    0.0517790664539293,
    0.051886513271064874,
    0.051687337865783306,
    0.05158643688542473,
    0.05151029712573848,
    0.051776564538930404
  ],
  "learning_rate": [
    0.005000000000000003,
    0.005000000000000003,
    0.0005000000000000003,
    0.0005000000000000003,
    0.0005000000000000003,
    5.0000000000000036e-05,
    5.0000000000000036e-05,
    5.0000000000000036e-05,
    5.000000000000004e-06,
    5.000000000000004e-06,
    5.000000000000004e-06,
    5.000000000000004e-07,
    5.000000000000004e-07,
    5.000000000000004e-07,
    5.0000000000000044e-08,
    5.0000000000000044e-08,
    5.0000000000000044e-08,
    5.000000000000005e-09,
    5.000000000000005e-09,
    5.000000000000005e-09
  ],
  "val_map": [
    0.5454139127312119,
    0.6116243428481452,
    0.6106993144701203,
    0.6497094444771668,
    0.6501023404710945,
    0.6541494087121448,
    0.6541867636141053,
    0.653238990520349,
    0.6516950760383706,
    0.6517266146781202,
    0.6533562479539073,
    0.6536654291441832,
    0.6536593352331869,
    0.6531236550550913,
    0.6536634243976848,
    0.6531795842813201,
    0.6536633039787996,
    0.6531852493731598,
    0.6531872556373808,
    0.6532664944438549
  ],
  "val_map_50": [
    0.8550569896950695,
    0.8882902548980471,
    0.9016317080928674,
    0.9040735048275924,
    0.9073103074449121,
    0.9060840134316354,
    0.9002729979991093,
    0.8996724740815198,
    0.8993200920557284,
    0.8992739504103794,
    0.9000558592797697,
    0.90005575559808,
    0.9000708033708967,
    0.900076286644219,
    0.9000762744116678,
    0.9000537910820416,
    0.9000716343306056,
    0.9000479559682155,
    0.9000302724990155,
    0.9000204180225713
  ],
  "val_map_75": [
    0.6056933995049206,
    0.6742602009995603,
    0.6828718598865631,
    0.7061896455803321,
    0.7010658623988636,
    0.7094988196347014,
    0.7113448385335039,
    0.711177125247227,
    0.7110401041732464,
    0.7110776681039364,
    0.710990135550825,
    0.7112332067463338,
    0.7112210938285258,
    0.7110099445570531,
    0.7112213467380637,
    0.7110124227467789,
    0.7112140055173073,
    0.7109857013388116,
    0.7110076553026686,
    0.7111296397197616
  ]
}