{
  "epochs": [
    0,
    1,
    2,
    3,
    4,
    5,
    6,
    7,
    8,
    9,
    10,
    11,
    12,
    13,
    14,
    15,
    16,
    17,
    18,
    19
  ],
  "train_loss": [
    0.1938571739277053,
    0.10685752822644382,
    0.0910268207190414,
    0.07507939578382054,
    0.07249313114392837,
    0.07123300424378728,
    0.0685027833739515,
    0.06862815705313025,
    0.06874185639373984,
    0.06868624751791609,
    0.06817581307657239,
    0.06782165992540944,
    0.06814963929355145,
    0.06773307691845629,
    0.06770387087456305,
    0.06814201694822271,
    0.06772066564346203,
    0.06817700643004593,
    0.0680282284577788,
    0.0681735784605597
  ],
  "learning_rate": [
    0.005000000000000003,
    0.005000000000000003,
    0.0005000000000000003,
    0.0005000000000000003,
    0.0005000000000000003,
    5.0000000000000036e-05,
    5.0000000000000036e-05,
    5.0000000000000036e-05,
    5.000000000000004e-06,
    5.000000000000004e-06,
    5.000000000000004e-06,
    5.000000000000004e-07,
    5.000000000000004e-07,
    5.000000000000004e-07,
    5.0000000000000044e-08,
    5.0000000000000044e-08,
    5.0000000000000044e-08,
    5.000000000000005e-09,
    5.000000000000005e-09,
    5.000000000000005e-09
  ],
  "val_map": [
    0.40462622583383784,
    0.4741688934603283,
    0.46837415369431473,
    0.4904260704489917,
    0.49232539363997924,
    0.48259435810069023,
    0.49239242919227777,
    0.4877324023692768,
    0.4888755450914444,
    0.503002211683715,
    0.47890316457801824,
    0.49199047253148614,
    0.4908444922390702,
    0.5033817646913922,
    0.46290503135815936,
    0.49028737349971785,
    0.4911182848041048,
    0.47554123535788645,
    0.48727072100539964,
    0.49367084537162703
  ],
  "val_map_50": [
    0.6225170845601607,
    0.666345871431232,
    0.6773675955712658,
    0.6908061095329726,
    0.6893577810491879,
    0.6880141765180552,
    0.684641679759676,
    0.6805655165250343,
    0.6817770862275858,
    0.6983291533806807,
    0.6679685599932039,
    0.6895051725473923,
    0.6763588229081203,
    0.7131807929180232,
    0.6419298545342952,
    0.6785426911488139,
    0.6929825037649622,
    0.6670805829731821,
    0.6892915553351605,
    0.688959292565848
  ],
  "val_map_75": [
    0.4389296764685694,
    0.5036215970979178,
    0.487441329893865,
    0.50027014105027,
    0.5197935506656168,
    0.5029808737369205,
    0.5226439307092936,
    0.512269452175056,
    0.5157762484264682,
    0.5230255959599455,
    0.49700679026078187,
    0.5141269135787098,
    0.520619221113352,
    0.5251634823142677,
    0.4792113058608989,
    0.5156619855409681,
    0.5223821802450264,
    0.49534769850166355,
    0.5090306889703281,
    0.5223744097312036
  ]
}