{
  "epochs": [
    0,
    1,
    2,
    3,
    4,
    5,
    6,
    7,
    8,
    9,
    10,
    11,
    12,
    13,
    14,
    15,
    16,
    17,
    18,
    19
  ],
  "train_loss": [
    0.17314199695633317,
    0.09931338187118974,
    0.07838412800722251,
    0.05736496000353134,
    0.05174466011173998,
    0.048556376342671084,
    0.045686599600947266,
    0.04553679607632987,
    0.04521998190179919,
    0.044736190419957696,
    0.04488305306620269,
    0.04461710664258661,
    0.04478166563442661,
    0.04470154709537021,
    0.044667876090365224,
    0.04488566164742616,
    0.04468243367819473,
    0.044747922124234514,
    0.04471495529316893,
    0.04482092354007642
  ],
  "learning_rate": [
    0.010000000000000005,
    0.010000000000000005,
    0.0010000000000000007,
    0.0010000000000000007,
    0.0010000000000000007,
    0.00010000000000000007,
    0.00010000000000000007,
    0.00010000000000000007,
    1.0000000000000008e-05,
    1.0000000000000008e-05,
    1.0000000000000008e-05,
    1.0000000000000008e-06,
    1.0000000000000008e-06,
    1.0000000000000008e-06,
    1.0000000000000009e-07,
    1.0000000000000009e-07,
    1.0000000000000009e-07,
    1.000000000000001e-08,
    1.000000000000001e-08,
    1.000000000000001e-08
  ],
  "val_map": [
    0.5742395376695171,
    0.6292181965112614,
    0.6278809713938287,
    0.6584314682264416,
    0.6614414478436057,
    0.6555857368829966,
    0.6580963171984958,
    0.657165566061993,
    0.6573961064942957,
    0.6573930680587934,
    0.6571569080376838,
    0.657519517931511,
    0.6575176457513097,
    0.6573899909970067,
    0.6573865771455082,
    0.6573583750971079,
    0.6573707156151837,
    0.6573761035620869,
    0.6574959135217072,
    0.6573870665693502
  ],
  "val_map_50": [
    0.8617532559675587,
    0.8855471101363419,
    0.8901899065919079,
    0.9070926875540193,
    0.9034017577525061,
    0.9011785821724947,
    0.8973845826924459,
    0.897326630252167,
    0.8978721350987193,
    0.8978885694485221,
    0.8978396588438203,
    0.8978350773071133,
    0.8978230739730672,
    0.8978617939874323,
    0.8978687708779495,
    0.8977157847563236,
    0.8977698850588223,
    0.897766285859048,
    0.8977352303937778,
    0.8978613020016569
  ],
  "val_map_75": [
    0.6380037394337756,
    0.6951532768884527,
    0.6813776719654892,
    0.7055210102429429,
    0.7098916766353237,
    0.7113852205709117,
    0.7054399114516158,
    0.7016397085315285,
    0.7043036456972632,
    0.7043564180693949,
    0.7037768599902456,
    0.7038084593433723,
    0.7038040484904543,
    0.7038212569356086,
    0.7038128744906574,
    0.7038041936326406,
    0.70381545650952,
    0.7037861866550503,
    0.7038115773109429,
    0.7038054830145142
  ]
}